域名,状态
s0.serv00.com,可用
web0.serv00.com,可用
cache0.serv00.com,可用
s1.serv00.com,不可用
web1.serv00.com,可用
cache1.serv00.com,可用
s2.serv00.com,可用
web2.serv00.com,可用
cache2.serv00.com,不可用
s3.serv00.com,可用
web3.serv00.com,可用
cache3.serv00.com,可用
s4.serv00.com,不可用
web4.serv00.com,不可用
cache4.serv00.com,可用
s5.serv00.com,不可用
web5.serv00.com,可用
cache5.serv00.com,可用
s6.serv00.com,不可用
web6.serv00.com,可用
cache6.serv00.com,可用
s7.serv00.com,可用
web7.serv00.com,可用
cache7.serv00.com,可用
s8.serv00.com,不可用
web8.serv00.com,可用
cache8.serv00.com,可用
s9.serv00.com,不可用
web9.serv00.com,可用
cache9.serv00.com,可用
s10.serv00.com,可用
web10.serv00.com,不可用
cache10.serv00.com,可用
s11.serv00.com,可用
web11.serv00.com,可用
cache11.serv00.com,可用
s12.serv00.com,不可用
web12.serv00.com,检测失败
cache12.serv00.com,检测失败
s13.serv00.com,可用
web13.serv00.com,可用
cache13.serv00.com,可用
s14.serv00.com,不可用
web14.serv00.com,可用
cache14.serv00.com,可用
s15.serv00.com,不可用
web15.serv00.com,不可用
cache15.serv00.com,可用
s16.serv00.com,不可用
web16.serv00.com,可用
cache16.serv00.com,可用
